4.48276,4.64716,4.89270,5.03413,5.27660,5.16949,5.06329,4.62185,4.43515,4.58716,4.65503,4.63960,5.19802
4.64716,4.89270,5.03413,5.27660,5.16949,5.06329,4.62185,4.43515,4.58716,4.65503,4.63960,5.19802,5.26316
4.89270,5.03413,5.27660,5.16949,5.06329,4.62185,4.43515,4.58716,4.65503,4.63960,5.19802,5.26316,5.23732
5.03413,5.27660,5.16949,5.06329,4.62185,4.43515,4.58716,4.65503,4.63960,5.19802,5.26316,5.23732,4.71162
5.27660,5.16949,5.06329,4.62185,4.43515,4.58716,4.65503,4.63960,5.19802,5.26316,5.23732,4.71162,4.36540
5.16949,5.06329,4.62185,4.43515,4.58716,4.65503,4.63960,5.19802,5.26316,5.23732,4.71162,4.36540,4.67365
5.06329,4.62185,4.43515,4.58716,4.65503,4.63960,5.19802,5.26316,5.23732,4.71162,4.36540,4.67365,4.81928
4.62185,4.43515,4.58716,4.65503,4.63960,5.19802,5.26316,5.23732,4.71162,4.36540,4.67365,4.81928,5.70281
4.43515,4.58716,4.65503,4.63960,5.19802,5.26316,5.23732,4.71162,4.36540,4.67365,4.81928,5.70281,6.16987
4.58716,4.65503,4.63960,5.19802,5.26316,5.23732,4.71162,4.36540,4.67365,4.81928,5.70281,6.16987,6.37959
4.65503,4.63960,5.19802,5.26316,5.23732,4.71162,4.36540,4.67365,4.81928,5.70281,6.16987,6.37959,6.19539
4.63960,5.19802,5.26316,5.23732,4.71162,4.36540,4.67365,4.81928,5.70281,6.16987,6.37959,6.19539,6.25495
5.19802,5.26316,5.23732,4.71162,4.36540,4.67365,4.81928,5.70281,6.16987,6.37959,6.19539,6.25495,5.64706
5.26316,5.23732,4.71162,4.36540,4.67365,4.81928,5.70281,6.16987,6.37959,6.19539,6.25495,5.64706,5.31250
5.23732,4.71162,4.36540,4.67365,4.81928,5.70281,6.16987,6.37959,6.19539,6.25495,5.64706,5.31250,4.82115
4.71162,4.36540,4.67365,4.81928,5.70281,6.16987,6.37959,6.19539,6.25495,5.64706,5.31250,4.82115,4.80993
4.36540,4.67365,4.81928,5.70281,6.16987,6.37959,6.19539,6.25495,5.64706,5.31250,4.82115,4.80993,5.03486
4.67365,4.81928,5.70281,6.16987,6.37959,6.19539,6.25495,5.64706,5.31250,4.82115,4.80993,5.03486,4.69592
4.81928,5.70281,6.16987,6.37959,6.19539,6.25495,5.64706,5.31250,4.82115,4.80993,5.03486,4.69592,4.36782
5.70281,6.16987,6.37959,6.19539,6.25495,5.64706,5.31250,4.82115,4.80993,5.03486,4.69592,4.36782,3.79939
6.16987,6.37959,6.19539,6.25495,5.64706,5.31250,4.82115,4.80993,5.03486,4.69592,4.36782,3.79939,3.39623
6.37959,6.19539,6.25495,5.64706,5.31250,4.82115,4.80993,5.03486,4.69592,4.36782,3.79939,3.39623,2.84858
6.19539,6.25495,5.64706,5.31250,4.82115,4.80993,5.03486,4.69592,4.36782,3.79939,3.39623,2.84858,3.06657
6.25495,5.64706,5.31250,4.82115,4.80993,5.03486,4.69592,4.36782,3.79939,3.39623,2.84858,3.06657,2.98063
5.64706,5.31250,4.82115,4.80993,5.03486,4.69592,4.36782,3.79939,3.39623,2.84858,3.06657,2.98063,2.67261
5.31250,4.82115,4.80993,5.03486,4.69592,4.36782,3.79939,3.39623,2.84858,3.06657,2.98063,2.67261,2.81899
4.82115,4.80993,5.03486,4.69592,4.36782,3.79939,3.39623,2.84858,3.06657,2.98063,2.67261,2.81899,3.18991
4.80993,5.03486,4.69592,4.36782,3.79939,3.39623,2.84858,3.06657,2.98063,2.67261,2.81899,3.18991,3.18283
5.03486,4.69592,4.36782,3.79939,3.39623,2.84858,3.06657,2.98063,2.67261,2.81899,3.18991,3.18283,3.02360
4.69592,4.36782,3.79939,3.39623,2.84858,3.06657,2.98063,2.67261,2.81899,3.18991,3.18283,3.02360,3.01471
4.36782,3.79939,3.39623,2.84858,3.06657,2.98063,2.67261,2.81899,3.18991,3.18283,3.02360,3.01471,3.15712
3.79939,3.39623,2.84858,3.06657,2.98063,2.67261,2.81899,3.18991,3.18283,3.02360,3.01471,3.15712,3.07467
3.39623,2.84858,3.06657,2.98063,2.67261,2.81899,3.18991,3.18283,3.02360,3.01471,3.15712,3.07467,2.99270
2.84858,3.06657,2.98063,2.67261,2.81899,3.18991,3.18283,3.02360,3.01471,3.15712,3.07467,2.99270,3.27988
3.06657,2.98063,2.67261,2.81899,3.18991,3.18283,3.02360,3.01471,3.15712,3.07467,2.99270,3.27988,3.12046
2.98063,2.67261,2.81899,3.18991,3.18283,3.02360,3.01471,3.15712,3.07467,2.99270,3.27988,3.12046,2.96671
2.67261,2.81899,3.18991,3.18283,3.02360,3.01471,3.15712,3.07467,2.99270,3.27988,3.12046,2.96671,3.25380
2.81899,3.18991,3.18283,3.02360,3.01471,3.15712,3.07467,2.99270,3.27988,3.12046,2.96671,3.25380,3.24675
3.18991,3.18283,3.02360,3.01471,3.15712,3.07467,2.99270,3.27988,3.12046,2.96671,3.25380,3.24675,3.01941
3.18283,3.02360,3.01471,3.15712,3.07467,2.99270,3.27988,3.12046,2.96671,3.25380,3.24675,3.01941,3.15638
3.02360,3.01471,3.15712,3.07467,2.99270,3.27988,3.12046,2.96671,3.25380,3.24675,3.01941,3.15638,3.22119
3.01471,3.15712,3.07467,2.99270,3.27988,3.12046,2.96671,3.25380,3.24675,3.01941,3.15638,3.22119,2.99786
3.15712,3.07467,2.99270,3.27988,3.12046,2.96671,3.25380,3.24675,3.01941,3.15638,3.22119,2.99786,2.84698
3.07467,2.99270,3.27988,3.12046,2.96671,3.25380,3.24675,3.01941,3.15638,3.22119,2.99786,2.84698,2.84091
2.99270,3.27988,3.12046,2.96671,3.25380,3.24675,3.01941,3.15638,3.22119,2.99786,2.84698,2.84091,2.76400
3.27988,3.12046,2.96671,3.25380,3.24675,3.01941,3.15638,3.22119,2.99786,2.84698,2.84091,2.76400,2.75229
3.12046,2.96671,3.25380,3.24675,3.01941,3.15638,3.22119,2.99786,2.84698,2.84091,2.76400,2.75229,2.74455
2.96671,3.25380,3.24675,3.01941,3.15638,3.22119,2.99786,2.84698,2.84091,2.76400,2.75229,2.74455,2.81096
3.25380,3.24675,3.01941,3.15638,3.22119,2.99786,2.84698,2.84091,2.76400,2.75229,2.74455,2.81096,2.45098
3.24675,3.01941,3.15638,3.22119,2.99786,2.84698,2.84091,2.76400,2.75229,2.74455,2.81096,2.45098,2.51572
3.01941,3.15638,3.22119,2.99786,2.84698,2.84091,2.76400,2.75229,2.74455,2.81096,2.45098,2.51572,2.65178
3.15638,3.22119,2.99786,2.84698,2.84091,2.76400,2.75229,2.74455,2.81096,2.45098,2.51572,2.65178,2.36439
3.22119,2.99786,2.84698,2.84091,2.76400,2.75229,2.74455,2.81096,2.45098,2.51572,2.65178,2.36439,2.28849
2.99786,2.84698,2.84091,2.76400,2.75229,2.74455,2.81096,2.45098,2.51572,2.65178,2.36439,2.28849,2.49480
2.84698,2.84091,2.76400,2.75229,2.74455,2.81096,2.45098,2.51572,2.65178,2.36439,2.28849,2.49480,2.69896
2.84091,2.76400,2.75229,2.74455,2.81096,2.45098,2.51572,2.65178,2.36439,2.28849,2.49480,2.69896,2.90055
2.76400,2.75229,2.74455,2.81096,2.45098,2.51572,2.65178,2.36439,2.28849,2.49480,2.69896,2.90055,2.96552
2.75229,2.74455,2.81096,2.45098,2.51572,2.65178,2.36439,2.28849,2.49480,2.69896,2.90055,2.96552,2.60989
2.74455,2.81096,2.45098,2.51572,2.65178,2.36439,2.28849,2.49480,2.69896,2.90055,2.96552,2.60989,2.60274
2.81096,2.45098,2.51572,2.65178,2.36439,2.28849,2.49480,2.69896,2.90055,2.96552,2.60989,2.60274,2.59740
2.45098,2.51572,2.65178,2.36439,2.28849,2.49480,2.69896,2.90055,2.96552,2.60989,2.60274,2.59740,2.87081
2.51572,2.65178,2.36439,2.28849,2.49480,2.69896,2.90055,2.96552,2.60989,2.60274,2.59740,2.87081,2.86299
2.65178,2.36439,2.28849,2.49480,2.69896,2.90055,2.96552,2.60989,2.60274,2.59740,2.87081,2.86299,2.78722
2.36439,2.28849,2.49480,2.69896,2.90055,2.96552,2.60989,2.60274,2.59740,2.87081,2.86299,2.78722,3.12500
2.28849,2.49480,2.69896,2.90055,2.96552,2.60989,2.60274,2.59740,2.87081,2.86299,2.78722,3.12500,3.11864
2.49480,2.69896,2.90055,2.96552,2.60989,2.60274,2.59740,2.87081,2.86299,2.78722,3.12500,3.11864,3.04260
2.69896,2.90055,2.96552,2.60989,2.60274,2.59740,2.87081,2.86299,2.78722,3.12500,3.11864,3.04260,2.83019
2.90055,2.96552,2.60989,2.60274,2.59740,2.87081,2.86299,2.78722,3.12500,3.11864,3.04260,2.83019,2.61745
2.96552,2.60989,2.60274,2.59740,2.87081,2.86299,2.78722,3.12500,3.11864,3.04260,2.83019,2.61745,2.54521
2.60989,2.60274,2.59740,2.87081,2.86299,2.78722,3.12500,3.11864,3.04260,2.83019,2.61745,2.54521,2.74431
2.60274,2.59740,2.87081,2.86299,2.78722,3.12500,3.11864,3.04260,2.83019,2.61745,2.54521,2.74431,2.60347
2.59740,2.87081,2.86299,2.78722,3.12500,3.11864,3.04260,2.83019,2.61745,2.54521,2.74431,2.60347,2.53165
2.87081,2.86299,2.78722,3.12500,3.11864,3.04260,2.83019,2.61745,2.54521,2.74431,2.60347,2.53165,2.79070
2.86299,2.78722,3.12500,3.11864,3.04260,2.83019,2.61745,2.54521,2.74431,2.60347,2.53165,2.79070,2.71703
2.78722,3.12500,3.11864,3.04260,2.83019,2.61745,2.54521,2.74431,2.60347,2.53165,2.79070,2.71703,2.84392
3.12500,3.11864,3.04260,2.83019,2.61745,2.54521,2.74431,2.60347,2.53165,2.79070,2.71703,2.84392,2.83267
3.11864,3.04260,2.83019,2.61745,2.54521,2.74431,2.60347,2.53165,2.79070,2.71703,2.84392,2.83267,2.82709
3.04260,2.83019,2.61745,2.54521,2.74431,2.60347,2.53165,2.79070,2.71703,2.84392,2.83267,2.82709,2.82152
2.83019,2.61745,2.54521,2.74431,2.60347,2.53165,2.79070,2.71703,2.84392,2.83267,2.82709,2.82152,2.88336
2.61745,2.54521,2.74431,2.60347,2.53165,2.79070,2.71703,2.84392,2.83267,2.82709,2.82152,2.88336,2.81230
2.54521,2.74431,2.60347,2.53165,2.79070,2.71703,2.84392,2.83267,2.82709,2.82152,2.88336,2.81230,3.00457
2.74431,2.60347,2.53165,2.79070,2.71703,2.84392,2.83267,2.82709,2.82152,2.88336,2.81230,3.00457,3.06189
2.60347,2.53165,2.79070,2.71703,2.84392,2.83267,2.82709,2.82152,2.88336,2.81230,3.00457,3.06189,3.25309
2.53165,2.79070,2.71703,2.84392,2.83267,2.82709,2.82152,2.88336,2.81230,3.00457,3.06189,3.25309,3.37882
2.79070,2.71703,2.84392,2.83267,2.82709,2.82152,2.88336,2.81230,3.00457,3.06189,3.25309,3.37882,3.03814
2.71703,2.84392,2.83267,2.82709,2.82152,2.88336,2.81230,3.00457,3.06189,3.25309,3.37882,3.03814,3.03226
2.84392,2.83267,2.82709,2.82152,2.88336,2.81230,3.00457,3.06189,3.25309,3.37882,3.03814,3.03226,2.76527
2.83267,2.82709,2.82152,2.88336,2.81230,3.00457,3.06189,3.25309,3.37882,3.03814,3.03226,2.76527,2.43434
2.82709,2.82152,2.88336,2.81230,3.00457,3.06189,3.25309,3.37882,3.03814,3.03226,2.76527,2.43434,2.23785
2.82152,2.88336,2.81230,3.00457,3.06189,3.25309,3.37882,3.03814,3.03226,2.76527,2.43434,2.23785,2.23357
2.88336,2.81230,3.00457,3.06189,3.25309,3.37882,3.03814,3.03226,2.76527,2.43434,2.23785,2.23357,2.16561
2.81230,3.00457,3.06189,3.25309,3.37882,3.03814,3.03226,2.76527,2.43434,2.23785,2.23357,2.16561,2.29008
3.00457,3.06189,3.25309,3.37882,3.03814,3.03226,2.76527,2.43434,2.23785,2.23357,2.16561,2.29008,2.21940
3.06189,3.25309,3.37882,3.03814,3.03226,2.76527,2.43434,2.23785,2.23357,2.16561,2.29008,2.21940,2.08597
3.25309,3.37882,3.03814,3.03226,2.76527,2.43434,2.23785,2.23357,2.16561,2.29008,2.21940,2.08597,1.89036
3.37882,3.03814,3.03226,2.76527,2.43434,2.23785,2.23357,2.16561,2.29008,2.21940,2.08597,1.89036,1.69705
3.03814,3.03226,2.76527,2.43434,2.23785,2.23357,2.16561,2.29008,2.21940,2.08597,1.89036,1.69705,1.63112
3.03226,2.76527,2.43434,2.23785,2.23357,2.16561,2.29008,2.21940,2.08597,1.89036,1.69705,1.63112,1.44020
2.76527,2.43434,2.23785,2.23357,2.16561,2.29008,2.21940,2.08597,1.89036,1.69705,1.63112,1.44020,1.37672
2.43434,2.23785,2.23357,2.16561,2.29008,2.21940,2.08597,1.89036,1.69705,1.63112,1.44020,1.37672,1.43840
2.23785,2.23357,2.16561,2.29008,2.21940,2.08597,1.89036,1.69705,1.63112,1.44020,1.37672,1.43840,1.68856
2.23357,2.16561,2.29008,2.21940,2.08597,1.89036,1.69705,1.63112,1.44020,1.37672,1.43840,1.68856,1.62297
2.16561,2.29008,2.21940,2.08597,1.89036,1.69705,1.63112,1.44020,1.37672,1.43840,1.68856,1.62297,1.74564
2.29008,2.21940,2.08597,1.89036,1.69705,1.63112,1.44020,1.37672,1.43840,1.68856,1.62297,1.74564,1.61692
2.21940,2.08597,1.89036,1.69705,1.63112,1.44020,1.37672,1.43840,1.68856,1.62297,1.74564,1.61692,1.42680
2.08597,1.89036,1.69705,1.63112,1.44020,1.37672,1.43840,1.68856,1.62297,1.74564,1.61692,1.42680,1.48607
1.89036,1.69705,1.63112,1.44020,1.37672,1.43840,1.68856,1.62297,1.74564,1.61692,1.42680,1.48607,1.48423
1.69705,1.63112,1.44020,1.37672,1.43840,1.68856,1.62297,1.74564,1.61692,1.42680,1.48607,1.48423,1.60692
1.63112,1.44020,1.37672,1.43840,1.68856,1.62297,1.74564,1.61692,1.42680,1.48607,1.48423,1.60692,1.66667
1.44020,1.37672,1.43840,1.68856,1.62297,1.74564,1.61692,1.42680,1.48607,1.48423,1.60692,1.66667,1.66667
1.37672,1.43840,1.68856,1.62297,1.74564,1.61692,1.42680,1.48607,1.48423,1.60692,1.66667,1.66667,1.72840
1.43840,1.68856,1.62297,1.74564,1.61692,1.42680,1.48607,1.48423,1.60692,1.66667,1.66667,1.72840,2.28113
1.68856,1.62297,1.74564,1.61692,1.42680,1.48607,1.48423,1.60692,1.66667,1.66667,1.72840,2.28113,2.09102
1.62297,1.74564,1.61692,1.42680,1.48607,1.48423,1.60692,1.66667,1.66667,1.72840,2.28113,2.09102,1.96560
1.74564,1.61692,1.42680,1.48607,1.48423,1.60692,1.66667,1.66667,1.72840,2.28113,2.09102,1.96560,2.14461
1.61692,1.42680,1.48607,1.48423,1.60692,1.66667,1.66667,1.72840,2.28113,2.09102,1.96560,2.14461,2.26438
1.42680,1.48607,1.48423,1.60692,1.66667,1.66667,1.72840,2.28113,2.09102,1.96560,2.14461,2.26438,2.62997
1.48607,1.48423,1.60692,1.66667,1.66667,1.72840,2.28113,2.09102,1.96560,2.14461,2.26438,2.62997,2.56254
1.48423,1.60692,1.66667,1.66667,1.72840,2.28113,2.09102,1.96560,2.14461,2.26438,2.62997,2.56254,2.62035
1.60692,1.66667,1.66667,1.72840,2.28113,2.09102,1.96560,2.14461,2.26438,2.62997,2.56254,2.62035,2.67640
1.66667,1.66667,1.72840,2.28113,2.09102,1.96560,2.14461,2.26438,2.62997,2.56254,2.62035,2.67640,2.79296
1.66667,1.72840,2.28113,2.09102,1.96560,2.14461,2.26438,2.62997,2.56254,2.62035,2.67640,2.79296,3.21797
1.72840,2.28113,2.09102,1.96560,2.14461,2.26438,2.62997,2.56254,2.62035,2.67640,2.79296,3.21797,3.76214
2.28113,2.09102,1.96560,2.14461,2.26438,2.62997,2.56254,2.62035,2.67640,2.79296,3.21797,3.76214,3.01386
2.09102,1.96560,2.14461,2.26438,2.62997,2.56254,2.62035,2.67640,2.79296,3.21797,3.76214,3.01386,3.13253
1.96560,2.14461,2.26438,2.62997,2.56254,2.62035,2.67640,2.79296,3.21797,3.76214,3.01386,3.13253,3.73494
2.14461,2.26438,2.62997,2.56254,2.62035,2.67640,2.79296,3.21797,3.76214,3.01386,3.13253,3.73494,3.59928
2.26438,2.62997,2.56254,2.62035,2.67640,2.79296,3.21797,3.76214,3.01386,3.13253,3.73494,3.59928,3.35129
2.62997,2.56254,2.62035,2.67640,2.79296,3.21797,3.76214,3.01386,3.13253,3.73494,3.59928,3.35129,3.45650
2.56254,2.62035,2.67640,2.79296,3.21797,3.76214,3.01386,3.13253,3.73494,3.59928,3.35129,3.45650,3.45033
2.62035,2.67640,2.79296,3.21797,3.76214,3.01386,3.13253,3.73494,3.59928,3.35129,3.45650,3.45033,3.44418
2.67640,2.79296,3.21797,3.76214,3.01386,3.13253,3.73494,3.59928,3.35129,3.45650,3.45033,3.44418,3.43602
2.79296,3.21797,3.76214,3.01386,3.13253,3.73494,3.59928,3.35129,3.45650,3.45033,3.44418,3.43602,3.72120
3.21797,3.76214,3.01386,3.13253,3.73494,3.59928,3.35129,3.45650,3.45033,3.44418,3.43602,3.72120,3.52941
3.76214,3.01386,3.13253,3.73494,3.59928,3.35129,3.45650,3.45033,3.44418,3.43602,3.72120,3.52941,2.98246
3.01386,3.13253,3.73494,3.59928,3.35129,3.45650,3.45033,3.44418,3.43602,3.72120,3.52941,2.98246,3.21826
3.13253,3.73494,3.59928,3.35129,3.45650,3.45033,3.44418,3.43602,3.72120,3.52941,2.98246,3.21826,3.56308
3.73494,3.59928,3.35129,3.45650,3.45033,3.44418,3.43602,3.72120,3.52941,2.98246,3.21826,3.56308,3.19396
3.59928,3.35129,3.45650,3.45033,3.44418,3.43602,3.72120,3.52941,2.98246,3.21826,3.56308,3.19396,2.72148
3.35129,3.45650,3.45033,3.44418,3.43602,3.72120,3.52941,2.98246,3.21826,3.56308,3.19396,2.72148,2.72148
3.45650,3.45033,3.44418,3.43602,3.72120,3.52941,2.98246,3.21826,3.56308,3.19396,2.72148,2.72148,2.59217
3.45033,3.44418,3.43602,3.72120,3.52941,2.98246,3.21826,3.56308,3.19396,2.72148,2.72148,2.59217,2.12766
3.44418,3.43602,3.72120,3.52941,2.98246,3.21826,3.56308,3.19396,2.72148,2.72148,2.59217,2.12766,1.89437
3.43602,3.72120,3.52941,2.98246,3.21826,3.56308,3.19396,2.72148,2.72148,2.59217,2.12766,1.89437,1.60367
3.72120,3.52941,2.98246,3.21826,3.56308,3.19396,2.72148,2.72148,2.59217,2.12766,1.89437,1.60367,1.19590
3.52941,2.98246,3.21826,3.56308,3.19396,2.72148,2.72148,2.59217,2.12766,1.89437,1.60367,1.19590,1.13636
2.98246,3.21826,3.56308,3.19396,2.72148,2.72148,2.59217,2.12766,1.89437,1.60367,1.19590,1.13636,1.36286
3.21826,3.56308,3.19396,2.72148,2.72148,2.59217,2.12766,1.89437,1.60367,1.19590,1.13636,1.36286,1.64399
3.56308,3.19396,2.72148,2.72148,2.59217,2.12766,1.89437,1.60367,1.19590,1.13636,1.36286,1.64399,1.24083
3.19396,2.72148,2.72148,2.59217,2.12766,1.89437,1.60367,1.19590,1.13636,1.36286,1.64399,1.24083,1.06922
2.72148,2.72148,2.59217,2.12766,1.89437,1.60367,1.19590,1.13636,1.36286,1.64399,1.24083,1.06922,1.46561
2.72148,2.59217,2.12766,1.89437,1.60367,1.19590,1.13636,1.36286,1.64399,1.24083,1.06922,1.46561,1.74746
2.59217,2.12766,1.89437,1.60367,1.19590,1.13636,1.36286,1.64399,1.24083,1.06922,1.46561,1.74746,1.51600
2.12766,1.89437,1.60367,1.19590,1.13636,1.36286,1.64399,1.24083,1.06922,1.46561,1.74746,1.51600,2.02703
1.89437,1.60367,1.19590,1.13636,1.36286,1.64399,1.24083,1.06922,1.46561,1.74746,1.51600,2.02703,2.25352
1.60367,1.19590,1.13636,1.36286,1.64399,1.24083,1.06922,1.46561,1.74746,1.51600,2.02703,2.25352,2.48027
1.19590,1.13636,1.36286,1.64399,1.24083,1.06922,1.46561,1.74746,1.51600,2.02703,2.25352,2.48027,2.75746
1.13636,1.36286,1.64399,1.24083,1.06922,1.46561,1.74746,1.51600,2.02703,2.25352,2.48027,2.75746,3.14607
1.36286,1.64399,1.24083,1.06922,1.46561,1.74746,1.51600,2.02703,2.25352,2.48027,2.75746,3.14607,3.02521
1.64399,1.24083,1.06922,1.46561,1.74746,1.51600,2.02703,2.25352,2.48027,2.75746,3.14607,3.02521,2.17513
1.24083,1.06922,1.46561,1.74746,1.51600,2.02703,2.25352,2.48027,2.75746,3.14607,3.02521,2.17513,1.89415
1.06922,1.46561,1.74746,1.51600,2.02703,2.25352,2.48027,2.75746,3.14607,3.02521,2.17513,1.89415,1.94878
1.46561,1.74746,1.51600,2.02703,2.25352,2.48027,2.75746,3.14607,3.02521,2.17513,1.89415,1.94878,2.05556
1.74746,1.51600,2.02703,2.25352,2.48027,2.75746,3.14607,3.02521,2.17513,1.89415,1.94878,2.05556,2.21607
1.51600,2.02703,2.25352,2.48027,2.75746,3.14607,3.02521,2.17513,1.89415,1.94878,2.05556,2.21607,2.37832
2.02703,2.25352,2.48027,2.75746,3.14607,3.02521,2.17513,1.89415,1.94878,2.05556,2.21607,2.37832,2.04194
2.25352,2.48027,2.75746,3.14607,3.02521,2.17513,1.89415,1.94878,2.05556,2.21607,2.37832,2.04194,1.92837
2.48027,2.75746,3.14607,3.02521,2.17513,1.89415,1.94878,2.05556,2.21607,2.37832,2.04194,1.92837,2.03520
2.75746,3.14607,3.02521,2.17513,1.89415,1.94878,2.05556,2.21607,2.37832,2.04194,1.92837,2.03520,2.02629
3.14607,3.02521,2.17513,1.89415,1.94878,2.05556,2.21607,2.37832,2.04194,1.92837,2.03520,2.02629,1.68845
3.02521,2.17513,1.89415,1.94878,2.05556,2.21607,2.37832,2.04194,1.92837,2.03520,2.02629,1.68845,1.74008
2.17513,1.89415,1.94878,2.05556,2.21607,2.37832,2.04194,1.92837,2.03520,2.02629,1.68845,1.74008,2.29258
1.89415,1.94878,2.05556,2.21607,2.37832,2.04194,1.92837,2.03520,2.02629,1.68845,1.74008,2.29258,2.89776
1.94878,2.05556,2.21607,2.37832,2.04194,1.92837,2.03520,2.02629,1.68845,1.74008,2.29258,2.89776,3.16767
2.05556,2.21607,2.37832,2.04194,1.92837,2.03520,2.02629,1.68845,1.74008,2.29258,2.89776,3.16767,2.93958
2.21607,2.37832,2.04194,1.92837,2.03520,2.02629,1.68845,1.74008,2.29258,2.89776,3.16767,2.93958,2.54743
2.37832,2.04194,1.92837,2.03520,2.02629,1.68845,1.74008,2.29258,2.89776,3.16767,2.93958,2.54743,2.53917
2.04194,1.92837,2.03520,2.02629,1.68845,1.74008,2.29258,2.89776,3.16767,2.93958,2.54743,2.53917,3.19091
1.92837,2.03520,2.02629,1.68845,1.74008,2.29258,2.89776,3.16767,2.93958,2.54743,2.53917,3.19091,3.62162
2.03520,2.02629,1.68845,1.74008,2.29258,2.89776,3.16767,2.93958,2.54743,2.53917,3.19091,3.62162,3.34232
2.02629,1.68845,1.74008,2.29258,2.89776,3.16767,2.93958,2.54743,2.53917,3.19091,3.62162,3.34232,2.84487
1.68845,1.74008,2.29258,2.89776,3.16767,2.93958,2.54743,2.53917,3.19091,3.62162,3.34232,2.84487,3.05303
1.74008,2.29258,2.89776,3.16767,2.93958,2.54743,2.53917,3.19091,3.62162,3.34232,2.84487,3.05303,3.20684
2.29258,2.89776,3.16767,2.93958,2.54743,2.53917,3.19091,3.62162,3.34232,2.84487,3.05303,3.20684,3.36179
2.89776,3.16767,2.93958,2.54743,2.53917,3.19091,3.62162,3.34232,2.84487,3.05303,3.20684,3.36179,2.86929
3.16767,2.93958,2.54743,2.53917,3.19091,3.62162,3.34232,2.84487,3.05303,3.20684,3.36179,2.86929,2.54103
2.93958,2.54743,2.53917,3.19091,3.62162,3.34232,2.84487,3.05303,3.20684,3.36179,2.86929,2.54103,3.06716
2.54743,2.53917,3.19091,3.62162,3.34232,2.84487,3.05303,3.20684,3.36179,2.86929,2.54103,3.06716,3.64693
2.53917,3.19091,3.62162,3.34232,2.84487,3.05303,3.20684,3.36179,2.86929,2.54103,3.06716,3.64693,4.74183
3.19091,3.62162,3.34232,2.84487,3.05303,3.20684,3.36179,2.86929,2.54103,3.06716,3.64693,4.74183,4.35010
3.62162,3.34232,2.84487,3.05303,3.20684,3.36179,2.86929,2.54103,3.06716,3.64693,4.74183,4.35010,3.33855
3.34232,2.84487,3.05303,3.20684,3.36179,2.86929,2.54103,3.06716,3.64693,4.74183,4.35010,3.33855,3.33855
2.84487,3.05303,3.20684,3.36179,2.86929,2.54103,3.06716,3.64693,4.74183,4.35010,3.33855,3.33855,4.01879
3.05303,3.20684,3.36179,2.86929,2.54103,3.06716,3.64693,4.74183,4.35010,3.33855,3.33855,4.01879,3.63825
3.20684,3.36179,2.86929,2.54103,3.06716,3.64693,4.74183,4.35010,3.33855,3.33855,4.01879,3.63825,3.41792
3.36179,2.86929,2.54103,3.06716,3.64693,4.74183,4.35010,3.33855,3.33855,4.01879,3.63825,3.41792,3.61384
2.86929,2.54103,3.06716,3.64693,4.74183,4.35010,3.33855,3.33855,4.01879,3.63825,3.41792,3.61384,3.97727
2.54103,3.06716,3.64693,4.74183,4.35010,3.33855,3.33855,4.01879,3.63825,3.41792,3.61384,3.97727,4.18172
3.06716,3.64693,4.74183,4.35010,3.33855,3.33855,4.01879,3.63825,3.41792,3.61384,3.97727,4.18172,4.10467
3.64693,4.74183,4.35010,3.33855,3.33855,4.01879,3.63825,3.41792,3.61384,3.97727,4.18172,4.10467,3.92657
4.74183,4.35010,3.33855,3.33855,4.01879,3.63825,3.41792,3.61384,3.97727,4.18172,4.10467,3.92657,2.01207
4.35010,3.33855,3.33855,4.01879,3.63825,3.41792,3.61384,3.97727,4.18172,4.10467,3.92657,2.01207,1.40633
3.33855,3.33855,4.01879,3.63825,3.41792,3.61384,3.97727,4.18172,4.10467,3.92657,2.01207,1.40633,1.96870
3.33855,4.01879,3.63825,3.41792,3.61384,3.97727,4.18172,4.10467,3.92657,2.01207,1.40633,1.96870,2.52398
4.01879,3.63825,3.41792,3.61384,3.97727,4.18172,4.10467,3.92657,2.01207,1.40633,1.96870,2.52398,2.07577
3.63825,3.41792,3.61384,3.97727,4.18172,4.10467,3.92657,2.01207,1.40633,1.96870,2.52398,2.07577,2.42026
3.41792,3.61384,3.97727,4.18172,4.10467,3.92657,2.01207,1.40633,1.96870,2.52398,2.07577,2.42026,2.79820
3.61384,3.97727,4.18172,4.10467,3.92657,2.01207,1.40633,1.96870,2.52398,2.07577,2.42026,2.79820,2.59292
3.97727,4.18172,4.10467,3.92657,2.01207,1.40633,1.96870,2.52398,2.07577,2.42026,2.79820,2.59292,2.70989
4.18172,4.10467,3.92657,2.01207,1.40633,1.96870,2.52398,2.07577,2.42026,2.79820,2.59292,2.70989,2.69277
4.10467,3.92657,2.01207,1.40633,1.96870,2.52398,2.07577,2.42026,2.79820,2.59292,2.70989,2.69277,2.31789
3.92657,2.01207,1.40633,1.96870,2.52398,2.07577,2.42026,2.79820,2.59292,2.70989,2.69277,2.31789,1.89745
2.01207,1.40633,1.96870,2.52398,2.07577,2.42026,2.79820,2.59292,2.70989,2.69277,2.31789,1.89745,2.83383
1.40633,1.96870,2.52398,2.07577,2.42026,2.79820,2.59292,2.70989,2.69277,2.31789,1.89745,2.83383,3.61070
1.96870,2.52398,2.07577,2.42026,2.79820,2.59292,2.70989,2.69277,2.31789,1.89745,2.83383,3.61070,4.37327
2.52398,2.07577,2.42026,2.79820,2.59292,2.70989,2.69277,2.31789,1.89745,2.83383,3.61070,4.37327,4.10881
2.07577,2.42026,2.79820,2.59292,2.70989,2.69277,2.31789,1.89745,2.83383,3.61070,4.37327,4.10881,4.29470
2.42026,2.79820,2.59292,2.70989,2.69277,2.31789,1.89745,2.83383,3.61070,4.37327,4.10881,4.29470,4.14296
2.79820,2.59292,2.70989,2.69277,2.31789,1.89745,2.83383,3.61070,4.37327,4.10881,4.29470,4.14296,3.97490
2.59292,2.70989,2.69277,2.31789,1.89745,2.83383,3.61070,4.37327,4.10881,4.29470,4.14296,3.97490,3.90376
2.70989,2.69277,2.31789,1.89745,2.83383,3.61070,4.37327,4.10881,4.29470,4.14296,3.97490,3.90376,4.08841
2.69277,2.31789,1.89745,2.83383,3.61070,4.37327,4.10881,4.29470,4.14296,3.97490,3.90376,4.08841,4.93597
2.31789,1.89745,2.83383,3.61070,4.37327,4.10881,4.29470,4.14296,3.97490,3.90376,4.08841,4.93597,5.49751
1.89745,2.83383,3.61070,4.37327,4.10881,4.29470,4.14296,3.97490,3.90376,4.08841,4.93597,5.49751,5.30802
2.83383,3.61070,4.37327,4.10881,4.29470,4.14296,3.97490,3.90376,4.08841,4.93597,5.49751,5.30802,4.95332
3.61070,4.37327,4.10881,4.29470,4.14296,3.97490,3.90376,4.08841,4.93597,5.49751,5.30802,4.95332,3.73106
4.37327,4.10881,4.29470,4.14296,3.97490,3.90376,4.08841,4.93597,5.49751,5.30802,4.95332,3.73106,1.09992
4.10881,4.29470,4.14296,3.97490,3.90376,4.08841,4.93597,5.49751,5.30802,4.95332,3.73106,1.09992,-0.02223
4.29470,4.14296,3.97490,3.90376,4.08841,4.93597,5.49751,5.30802,4.95332,3.73106,1.09992,-0.02223,-0.11359
4.14296,3.97490,3.90376,4.08841,4.93597,5.49751,5.30802,4.95332,3.73106,1.09992,-0.02223,-0.11359,0.00846
3.97490,3.90376,4.08841,4.93597,5.49751,5.30802,4.95332,3.73106,1.09992,-0.02223,-0.11359,0.00846,-0.44648
3.90376,4.08841,4.93597,5.49751,5.30802,4.95332,3.73106,1.09992,-0.02223,-0.11359,0.00846,-0.44648,-0.57632
4.08841,4.93597,5.49751,5.30802,4.95332,3.73106,1.09992,-0.02223,-0.11359,0.00846,-0.44648,-0.57632,-1.01576
4.93597,5.49751,5.30802,4.95332,3.73106,1.09992,-0.02223,-0.11359,0.00846,-0.44648,-0.57632,-1.01576,-1.22917
5.49751,5.30802,4.95332,3.73106,1.09992,-0.02223,-0.11359,0.00846,-0.44648,-0.57632,-1.01576,-1.22917,-1.95876
5.30802,4.95332,3.73106,1.09992,-0.02223,-0.11359,0.00846,-0.44648,-0.57632,-1.01576,-1.22917,-1.95876,-1.48384
4.95332,3.73106,1.09992,-0.02223,-0.11359,0.00846,-0.44648,-0.57632,-1.01576,-1.22917,-1.95876,-1.48384,-1.37794
3.73106,1.09992,-0.02223,-0.11359,0.00846,-0.44648,-0.57632,-1.01576,-1.22917,-1.95876,-1.48384,-1.37794,-0.22397
1.09992,-0.02223,-0.11359,0.00846,-0.44648,-0.57632,-1.01576,-1.22917,-1.95876,-1.48384,-1.37794,-0.22397,1.91459
-0.02223,-0.11359,0.00846,-0.44648,-0.57632,-1.01576,-1.22917,-1.95876,-1.48384,-1.37794,-0.22397,1.91459,2.81412
-0.11359,0.00846,-0.44648,-0.57632,-1.01576,-1.22917,-1.95876,-1.48384,-1.37794,-0.22397,1.91459,2.81412,2.62111
0.00846,-0.44648,-0.57632,-1.01576,-1.22917,-1.95876,-1.48384,-1.37794,-0.22397,1.91459,2.81412,2.62111,2.15134
-0.44648,-0.57632,-1.01576,-1.22917,-1.95876,-1.48384,-1.37794,-0.22397,1.91459,2.81412,2.62111,2.15134,2.28617
-0.57632,-1.01576,-1.22917,-1.95876,-1.48384,-1.37794,-0.22397,1.91459,2.81412,2.62111,2.15134,2.28617,2.20677
-1.01576,-1.22917,-1.95876,-1.48384,-1.37794,-0.22397,1.91459,2.81412,2.62111,2.15134,2.28617,2.20677,2.00355
-1.22917,-1.95876,-1.48384,-1.37794,-0.22397,1.91459,2.81412,2.62111,2.15134,2.28617,2.20677,2.00355,1.12156
-1.95876,-1.48384,-1.37794,-0.22397,1.91459,2.81412,2.62111,2.15134,2.28617,2.20677,2.00355,1.12156,1.34078
-1.48384,-1.37794,-0.22397,1.91459,2.81412,2.62111,2.15134,2.28617,2.20677,2.00355,1.12156,1.34078,1.15018
-1.37794,-0.22397,1.91459,2.81412,2.62111,2.15134,2.28617,2.20677,2.00355,1.12156,1.34078,1.15018,1.11831
-0.22397,1.91459,2.81412,2.62111,2.15134,2.28617,2.20677,2.00355,1.12156,1.34078,1.15018,1.11831,1.16670
1.91459,2.81412,2.62111,2.15134,2.28617,2.20677,2.00355,1.12156,1.34078,1.15018,1.11831,1.16670,1.08454
2.81412,2.62111,2.15134,2.28617,2.20677,2.00355,1.12156,1.34078,1.15018,1.11831,1.16670,1.08454,1.43779
2.62111,2.15134,2.28617,2.20677,2.00355,1.12156,1.34078,1.15018,1.11831,1.16670,1.08454,1.43779,1.70078
2.15134,2.28617,2.20677,2.00355,1.12156,1.34078,1.15018,1.11831,1.16670,1.08454,1.43779,1.70078,2.12490
2.28617,2.20677,2.00355,1.12156,1.34078,1.15018,1.11831,1.16670,1.08454,1.43779,1.70078,2.12490,2.61924
2.20677,2.00355,1.12156,1.34078,1.15018,1.11831,1.16670,1.08454,1.43779,1.70078,2.12490,2.61924,3.07723
2.00355,1.12156,1.34078,1.15018,1.11831,1.16670,1.08454,1.43779,1.70078,2.12490,2.61924,3.07723,3.45897
1.12156,1.34078,1.15018,1.11831,1.16670,1.08454,1.43779,1.70078,2.12490,2.61924,3.07723,3.45897,3.50232
1.34078,1.15018,1.11831,1.16670,1.08454,1.43779,1.70078,2.12490,2.61924,3.07723,3.45897,3.50232,3.57988
1.15018,1.11831,1.16670,1.08454,1.43779,1.70078,2.12490,2.61924,3.07723,3.45897,3.50232,3.57988,3.75500
1.11831,1.16670,1.08454,1.43779,1.70078,2.12490,2.61924,3.07723,3.45897,3.50232,3.57988,3.75500,3.81262
1.16670,1.08454,1.43779,1.70078,2.12490,2.61924,3.07723,3.45897,3.50232,3.57988,3.75500,3.81262,3.52227
1.08454,1.43779,1.70078,2.12490,2.61924,3.07723,3.45897,3.50232,3.57988,3.75500,3.81262,3.52227,3.45143
1.43779,1.70078,2.12490,2.61924,3.07723,3.45897,3.50232,3.57988,3.75500,3.81262,3.52227,3.45143,3.06207
1.70078,2.12490,2.61924,3.07723,3.45897,3.50232,3.57988,3.75500,3.81262,3.52227,3.45143,3.06207,3.00877
2.12490,2.61924,3.07723,3.45897,3.50232,3.57988,3.75500,3.81262,3.52227,3.45143,3.06207,3.00877,2.89818
2.61924,3.07723,3.45897,3.50232,3.57988,3.75500,3.81262,3.52227,3.45143,3.06207,3.00877,2.89818,2.58288
3.07723,3.45897,3.50232,3.57988,3.75500,3.81262,3.52227,3.45143,3.06207,3.00877,2.89818,2.58288,2.27316
3.45897,3.50232,3.57988,3.75500,3.81262,3.52227,3.45143,3.06207,3.00877,2.89818,2.58288,2.27316,1.73794
3.50232,3.57988,3.75500,3.81262,3.52227,3.45143,3.06207,3.00877,2.89818,2.58288,2.27316,1.73794,1.65387
3.57988,3.75500,3.81262,3.52227,3.45143,3.06207,3.00877,2.89818,2.58288,2.27316,1.73794,1.65387,1.41751
3.75500,3.81262,3.52227,3.45143,3.06207,3.00877,2.89818,2.58288,2.27316,1.73794,1.65387,1.41751,1.68593
3.81262,3.52227,3.45143,3.06207,3.00877,2.89818,2.58288,2.27316,1.73794,1.65387,1.41751,1.68593,1.94972
3.52227,3.45143,3.06207,3.00877,2.89818,2.58288,2.27316,1.73794,1.65387,1.41751,1.68593,1.94972,2.15568
3.45143,3.06207,3.00877,2.89818,2.58288,2.27316,1.73794,1.65387,1.41751,1.68593,1.94972,2.15568,1.79602
3.06207,3.00877,2.89818,2.58288,2.27316,1.73794,1.65387,1.41751,1.68593,1.94972,2.15568,1.79602,1.75950
3.00877,2.89818,2.58288,2.27316,1.73794,1.65387,1.41751,1.68593,1.94972,2.15568,1.79602,1.75950,1.68406
2.89818,2.58288,2.27316,1.73794,1.65387,1.41751,1.68593,1.94972,2.15568,1.79602,1.75950,1.68406,2.01814
2.58288,2.27316,1.73794,1.65387,1.41751,1.68593,1.94972,2.15568,1.79602,1.75950,1.68406,2.01814,1.51875
2.27316,1.73794,1.65387,1.41751,1.68593,1.94972,2.15568,1.79602,1.75950,1.68406,2.01814,1.51875,1.13881
1.73794,1.65387,1.41751,1.68593,1.94972,2.15568,1.79602,1.75950,1.68406,2.01814,1.51875,1.13881,1.39039
1.65387,1.41751,1.68593,1.94972,2.15568,1.79602,1.75950,1.68406,2.01814,1.51875,1.13881,1.39039,1.71579
1.41751,1.68593,1.94972,2.15568,1.79602,1.75950,1.68406,2.01814,1.51875,1.13881,1.39039,1.71579,1.88547
1.68593,1.94972,2.15568,1.79602,1.75950,1.68406,2.01814,1.51875,1.13881,1.39039,1.71579,1.88547,1.53881
1.94972,2.15568,1.79602,1.75950,1.68406,2.01814,1.51875,1.13881,1.39039,1.71579,1.88547,1.53881,1.09473
2.15568,1.79602,1.75950,1.68406,2.01814,1.51875,1.13881,1.39039,1.71579,1.88547,1.53881,1.09473,0.87680
1.79602,1.75950,1.68406,2.01814,1.51875,1.13881,1.39039,1.71579,1.88547,1.53881,1.09473,0.87680,1.23287
1.75950,1.68406,2.01814,1.51875,1.13881,1.39039,1.71579,1.88547,1.53881,1.09473,0.87680,1.23287,1.51284
1.68406,2.01814,1.51875,1.13881,1.39039,1.71579,1.88547,1.53881,1.09473,0.87680,1.23287,1.51284,1.55776
2.01814,1.51875,1.13881,1.39039,1.71579,1.88547,1.53881,1.09473,0.87680,1.23287,1.51284,1.55776,1.12047
1.51875,1.13881,1.39039,1.71579,1.88547,1.53881,1.09473,0.87680,1.23287,1.51284,1.55776,1.12047,1.61269
1.13881,1.39039,1.71579,1.88547,1.53881,1.09473,0.87680,1.23287,1.51284,1.55776,1.12047,1.61269,2.01513
1.39039,1.71579,1.88547,1.53881,1.09473,0.87680,1.23287,1.51284,1.55776,1.12047,1.61269,2.01513,2.16695
1.71579,1.88547,1.53881,1.09473,0.87680,1.23287,1.51284,1.55776,1.12047,1.61269,2.01513,2.16695,2.05898
1.88547,1.53881,1.09473,0.87680,1.23287,1.51284,1.55776,1.12047,1.61269,2.01513,2.16695,2.05898,1.97424
1.53881,1.09473,0.87680,1.23287,1.51284,1.55776,1.12047,1.61269,2.01513,2.16695,2.05898,1.97424,1.71510
1.09473,0.87680,1.23287,1.51284,1.55776,1.12047,1.61269,2.01513,2.16695,2.05898,1.97424,1.71510,1.68405
0.87680,1.23287,1.51284,1.55776,1.12047,1.61269,2.01513,2.16695,2.05898,1.97424,1.71510,1.68405,1.60954
1.23287,1.51284,1.55776,1.12047,1.61269,2.01513,2.16695,2.05898,1.97424,1.71510,1.68405,1.60954,1.23152
1.51284,1.55776,1.12047,1.61269,2.01513,2.16695,2.05898,1.97424,1.71510,1.68405,1.60954,1.23152,0.65312
1.55776,1.12047,1.61269,2.01513,2.16695,2.05898,1.97424,1.71510,1.68405,1.60954,1.23152,0.65312,-0.22993
1.12047,1.61269,2.01513,2.16695,2.05898,1.97424,1.71510,1.68405,1.60954,1.23152,0.65312,-0.22993,-0.08703
1.61269,2.01513,2.16695,2.05898,1.97424,1.71510,1.68405,1.60954,1.23152,0.65312,-0.22993,-0.08703,-0.02203
2.01513,2.16695,2.05898,1.97424,1.71510,1.68405,1.60954,1.23152,0.65312,-0.22993,-0.08703,-0.02203,-0.10403
2.16695,2.05898,1.97424,1.71510,1.68405,1.60954,1.23152,0.65312,-0.22993,-0.08703,-0.02203,-0.10403,0.03503
2.05898,1.97424,1.71510,1.68405,1.60954,1.23152,0.65312,-0.22993,-0.08703,-0.02203,-0.10403,0.03503,0.17957
1.97424,1.71510,1.68405,1.60954,1.23152,0.65312,-0.22993,-0.08703,-0.02203,-0.10403,0.03503,0.17957,0.22569
1.71510,1.68405,1.60954,1.23152,0.65312,-0.22993,-0.08703,-0.02203,-0.10403,0.03503,0.17957,0.22569,0.24130
1.68405,1.60954,1.23152,0.65312,-0.22993,-0.08703,-0.02203,-0.10403,0.03503,0.17957,0.22569,0.24130,0.00884
1.60954,1.23152,0.65312,-0.22993,-0.08703,-0.02203,-0.10403,0.03503,0.17957,0.22569,0.24130,0.00884,0.12762
1.23152,0.65312,-0.22993,-0.08703,-0.02203,-0.10403,0.03503,0.17957,0.22569,0.24130,0.00884,0.12762,0.43632
0.65312,-0.22993,-0.08703,-0.02203,-0.10403,0.03503,0.17957,0.22569,0.24130,0.00884,0.12762,0.43632,0.63872
-0.22993,-0.08703,-0.02203,-0.10403,0.03503,0.17957,0.22569,0.24130,0.00884,0.12762,0.43632,0.63872,1.23750
-0.08703,-0.02203,-0.10403,0.03503,0.17957,0.22569,0.24130,0.00884,0.12762,0.43632,0.63872,1.23750,0.84728
-0.02203,-0.10403,0.03503,0.17957,0.22569,0.24130,0.00884,0.12762,0.43632,0.63872,1.23750,0.84728,0.89162
-0.10403,0.03503,0.17957,0.22569,0.24130,0.00884,0.12762,0.43632,0.63872,1.23750,0.84728,0.89162,1.17263
0.03503,0.17957,0.22569,0.24130,0.00884,0.12762,0.43632,0.63872,1.23750,0.84728,0.89162,1.17263,1.07848
0.17957,0.22569,0.24130,0.00884,0.12762,0.43632,0.63872,1.23750,0.84728,0.89162,1.17263,1.07848,1.07929
0.22569,0.24130,0.00884,0.12762,0.43632,0.63872,1.23750,0.84728,0.89162,1.17263,1.07848,1.07929,0.86836
0.24130,0.00884,0.12762,0.43632,0.63872,1.23750,0.84728,0.89162,1.17263,1.07848,1.07929,0.86836,1.05532
0.00884,0.12762,0.43632,0.63872,1.23750,0.84728,0.89162,1.17263,1.07848,1.07929,0.86836,1.05532,1.54864
0.12762,0.43632,0.63872,1.23750,0.84728,0.89162,1.17263,1.07848,1.07929,0.86836,1.05532,1.54864,1.68592
0.43632,0.63872,1.23750,0.84728,0.89162,1.17263,1.07848,1.07929,0.86836,1.05532,1.54864,1.68592,1.68433
0.63872,1.23750,0.84728,0.89162,1.17263,1.07848,1.07929,0.86836,1.05532,1.54864,1.68592,1.68433,2.05080
1.23750,0.84728,0.89162,1.17263,1.07848,1.07929,0.86836,1.05532,1.54864,1.68592,1.68433,2.05080,2.51039
0.84728,0.89162,1.17263,1.07848,1.07929,0.86836,1.05532,1.54864,1.68592,1.68433,2.05080,2.51039,2.81036
0.89162,1.17263,1.07848,1.07929,0.86836,1.05532,1.54864,1.68592,1.68433,2.05080,2.51039,2.81036,2.44120
1.17263,1.07848,1.07929,0.86836,1.05532,1.54864,1.68592,1.68433,2.05080,2.51039,2.81036,2.44120,2.17622
1.07848,1.07929,0.86836,1.05532,1.54864,1.68592,1.68433,2.05080,2.51039,2.81036,2.44120,2.17622,1.85634
1.07929,0.86836,1.05532,1.54864,1.68592,1.68433,2.05080,2.51039,2.81036,2.44120,2.17622,1.85634,1.64057
0.86836,1.05532,1.54864,1.68592,1.68433,2.05080,2.51039,2.81036,2.44120,2.17622,1.85634,1.64057,1.72511
1.05532,1.54864,1.68592,1.68433,2.05080,2.51039,2.81036,2.44120,2.17622,1.85634,1.64057,1.72511,1.92812
1.54864,1.68592,1.68433,2.05080,2.51039,2.81036,2.44120,2.17622,1.85634,1.64057,1.72511,1.92812,2.18057
1.68592,1.68433,2.05080,2.51039,2.81036,2.44120,2.17622,1.85634,1.64057,1.72511,1.92812,2.18057,2.02076
1.68433,2.05080,2.51039,2.81036,2.44120,2.17622,1.85634,1.64057,1.72511,1.92812,2.18057,2.02076,2.17249
2.05080,2.51039,2.81036,2.44120,2.17622,1.85634,1.64057,1.72511,1.92812,2.18057,2.02076,2.17249,2.12993
2.51039,2.81036,2.44120,2.17622,1.85634,1.64057,1.72511,1.92812,2.18057,2.02076,2.17249,2.12993,2.15132
2.81036,2.44120,2.17622,1.85634,1.64057,1.72511,1.92812,2.18057,2.02076,2.17249,2.12993,2.15132,2.26347
2.44120,2.17622,1.85634,1.64057,1.72511,1.92812,2.18057,2.02076,2.17249,2.12993,2.15132,2.26347,2.33095
2.17622,1.85634,1.64057,1.72511,1.92812,2.18057,2.02076,2.17249,2.12993,2.15132,2.26347,2.33095,2.47100
1.85634,1.64057,1.72511,1.92812,2.18057,2.02076,2.17249,2.12993,2.15132,2.26347,2.33095,2.47100,2.78192
1.64057,1.72511,1.92812,2.18057,2.02076,2.17249,2.12993,2.15132,2.26347,2.33095,2.47100,2.78192,2.80755
1.72511,1.92812,2.18057,2.02076,2.17249,2.12993,2.15132,2.26347,2.33095,2.47100,2.78192,2.80755,2.85412
1.92812,2.18057,2.02076,2.17249,2.12993,2.15132,2.26347,2.33095,2.47100,2.78192,2.80755,2.85412,2.64292
2.18057,2.02076,2.17249,2.12993,2.15132,2.26347,2.33095,2.47100,2.78192,2.80755,2.85412,2.64292,2.33206
2.02076,2.17249,2.12993,2.15132,2.26347,2.33095,2.47100,2.78192,2.80755,2.85412,2.64292,2.33206,2.49203
2.17249,2.12993,2.15132,2.26347,2.33095,2.47100,2.78192,2.80755,2.85412,2.64292,2.33206,2.49203,2.14733
2.12993,2.15132,2.26347,2.33095,2.47100,2.78192,2.80755,2.85412,2.64292,2.33206,2.49203,2.14733,2.00238
2.15132,2.26347,2.33095,2.47100,2.78192,2.80755,2.85412,2.64292,2.33206,2.49203,2.14733,2.00238,1.48759
2.26347,2.33095,2.47100,2.78192,2.80755,2.85412,2.64292,2.33206,2.49203,2.14733,2.00238,1.48759,1.51886
2.33095,2.47100,2.78192,2.80755,2.85412,2.64292,2.33206,2.49203,2.14733,2.00238,1.48759,1.51886,1.88319
2.47100,2.78192,2.80755,2.85412,2.64292,2.33206,2.49203,2.14733,2.00238,1.48759,1.51886,1.88319,2.00058
2.78192,2.80755,2.85412,2.64292,2.33206,2.49203,2.14733,2.00238,1.48759,1.51886,1.88319,2.00058,1.79591
2.80755,2.85412,2.64292,2.33206,2.49203,2.14733,2.00238,1.48759,1.51886,1.88319,2.00058,1.79591,1.67119
2.85412,2.64292,2.33206,2.49203,2.14733,2.00238,1.48759,1.51886,1.88319,2.00058,1.79591,1.67119,1.82633
2.64292,2.33206,2.49203,2.14733,2.00238,1.48759,1.51886,1.88319,2.00058,1.79591,1.67119,1.82633,1.73764
2.33206,2.49203,2.14733,2.00238,1.48759,1.51886,1.88319,2.00058,1.79591,1.67119,1.82633,1.73764,1.68450
2.49203,2.14733,2.00238,1.48759,1.51886,1.88319,2.00058,1.79591,1.67119,1.82633,1.73764,1.68450,1.73397
2.14733,2.00238,1.48759,1.51886,1.88319,2.00058,1.79591,1.67119,1.82633,1.73764,1.68450,1.73397,2.09229
2.00238,1.48759,1.51886,1.88319,2.00058,1.79591,1.67119,1.82633,1.73764,1.68450,1.73397,2.09229,2.31953
1.48759,1.51886,1.88319,2.00058,1.79591,1.67119,1.82633,1.73764,1.68450,1.73397,2.09229,2.31953,2.51226
1.51886,1.88319,2.00058,1.79591,1.67119,1.82633,1.73764,1.68450,1.73397,2.09229,2.31953,2.51226,2.33974
1.88319,2.00058,1.79591,1.67119,1.82633,1.73764,1.68450,1.73397,2.09229,2.31953,2.51226,2.33974,1.52314
2.00058,1.79591,1.67119,1.82633,1.73764,1.68450,1.73397,2.09229,2.31953,2.51226,2.33974,1.52314,0.34988
1.79591,1.67119,1.82633,1.73764,1.68450,1.73397,2.09229,2.31953,2.51226,2.33974,1.52314,0.34988,0.21622
1.67119,1.82633,1.73764,1.68450,1.73397,2.09229,2.31953,2.51226,2.33974,1.52314,0.34988,0.21622,0.70177
1.82633,1.73764,1.68450,1.73397,2.09229,2.31953,2.51226,2.33974,1.52314,0.34988,0.21622,0.70177,1.01876
1.73764,1.68450,1.73397,2.09229,2.31953,2.51226,2.33974,1.52314,0.34988,0.21622,0.70177,1.01876,1.30060
1.68450,1.73397,2.09229,2.31953,2.51226,2.33974,1.52314,0.34988,0.21622,0.70177,1.01876,1.30060,1.37308
1.73397,2.09229,2.31953,2.51226,2.33974,1.52314,0.34988,0.21622,0.70177,1.01876,1.30060,1.37308,1.20317
2.09229,2.31953,2.51226,2.33974,1.52314,0.34988,0.21622,0.70177,1.01876,1.30060,1.37308,1.20317,1.16954
2.31953,2.51226,2.33974,1.52314,0.34988,0.21622,0.70177,1.01876,1.30060,1.37308,1.20317,1.16954,1.30495
2.51226,2.33974,1.52314,0.34988,0.21622,0.70177,1.01876,1.30060,1.37308,1.20317,1.16954,1.30495,1.39510
2.33974,1.52314,0.34988,0.21622,0.70177,1.01876,1.30060,1.37308,1.20317,1.16954,1.30495,1.39510,1.67293
1.52314,0.34988,0.21622,0.70177,1.01876,1.30060,1.37308,1.20317,1.16954,1.30495,1.39510,1.67293,2.61863
0.34988,0.21622,0.70177,1.01876,1.30060,1.37308,1.20317,1.16954,1.30495,1.39510,1.67293,2.61863,4.14874
0.21622,0.70177,1.01876,1.30060,1.37308,1.20317,1.16954,1.30495,1.39510,1.67293,2.61863,4.14874,4.92636
0.70177,1.01876,1.30060,1.37308,1.20317,1.16954,1.30495,1.39510,1.67293,2.61863,4.14874,4.92636,5.31509
1.01876,1.30060,1.37308,1.20317,1.16954,1.30495,1.39510,1.67293,2.61863,4.14874,4.92636,5.31509,5.25758
1.30060,1.37308,1.20317,1.16954,1.30495,1.39510,1.67293,2.61863,4.14874,4.92636,5.31509,5.25758,5.17531
1.37308,1.20317,1.16954,1.30495,1.39510,1.67293,2.61863,4.14874,4.92636,5.31509,5.25758,5.17531,5.36101
1.20317,1.16954,1.30495,1.39510,1.67293,2.61863,4.14874,4.92636,5.31509,5.25758,5.17531,5.36101,6.21904
1.16954,1.30495,1.39510,1.67293,2.61863,4.14874,4.92636,5.31509,5.25758,5.17531,5.36101,6.21904,6.86253
1.30495,1.39510,1.67293,2.61863,4.14874,4.92636,5.31509,5.25758,5.17531,5.36101,6.21904,6.86253,7.17658
1.39510,1.67293,2.61863,4.14874,4.92636,5.31509,5.25758,5.17531,5.36101,6.21904,6.86253,7.17658,7.56977
1.67293,2.61863,4.14874,4.92636,5.31509,5.25758,5.17531,5.36101,6.21904,6.86253,7.17658,7.56977,7.94892
2.61863,4.14874,4.92636,5.31509,5.25758,5.17531,5.36101,6.21904,6.86253,7.17658,7.56977,7.94892,8.54743
4.14874,4.92636,5.31509,5.25758,5.17531,5.36101,6.21904,6.86253,7.17658,7.56977,7.94892,8.54743,8.25186
4.92636,5.31509,5.25758,5.17531,5.36101,6.21904,6.86253,7.17658,7.56977,7.94892,8.54743,8.25186,8.53300
5.31509,5.25758,5.17531,5.36101,6.21904,6.86253,7.17658,7.56977,7.94892,8.54743,8.25186,8.53300,8.98974
5.25758,5.17531,5.36101,6.21904,6.86253,7.17658,7.56977,7.94892,8.54743,8.25186,8.53300,8.98974,8.44982
5.17531,5.36101,6.21904,6.86253,7.17658,7.56977,7.94892,8.54743,8.25186,8.53300,8.98974,8.44982,8.21881
5.36101,6.21904,6.86253,7.17658,7.56977,7.94892,8.54743,8.25186,8.53300,8.98974,8.44982,8.21881,8.19827
6.21904,6.86253,7.17658,7.56977,7.94892,8.54743,8.25186,8.53300,8.98974,8.44982,8.21881,8.19827,7.75194
6.86253,7.17658,7.56977,7.94892,8.54743,8.25186,8.53300,8.98974,8.44982,8.21881,8.19827,7.75194,7.11947
7.17658,7.56977,7.94892,8.54743,8.25186,8.53300,8.98974,8.44982,8.21881,8.19827,7.75194,7.11947,6.41150
7.56977,7.94892,8.54743,8.25186,8.53300,8.98974,8.44982,8.21881,8.19827,7.75194,7.11947,6.41150,6.36212
7.94892,8.54743,8.25186,8.53300,8.98974,8.44982,8.21881,8.19827,7.75194,7.11947,6.41150,6.36212,5.96552
8.54743,8.25186,8.53300,8.98974,8.44982,8.21881,8.19827,7.75194,7.11947,6.41150,6.36212,5.96552,4.93509
8.25186,8.53300,8.98974,8.44982,8.21881,8.19827,7.75194,7.11947,6.41150,6.36212,5.96552,4.93509,4.94106
8.53300,8.98974,8.44982,8.21881,8.19827,7.75194,7.11947,6.41150,6.36212,5.96552,4.93509,4.94106,4.12069
8.98974,8.44982,8.21881,8.19827,7.75194,7.11947,6.41150,6.36212,5.96552,4.93509,4.94106,4.12069,3.05326
8.44982,8.21881,8.19827,7.75194,7.11947,6.41150,6.36212,5.96552,4.93509,4.94106,4.12069,3.05326,3.27178
8.21881,8.19827,7.75194,7.11947,6.41150,6.36212,5.96552,4.93509,4.94106,4.12069,3.05326,3.27178,3.71872
8.19827,7.75194,7.11947,6.41150,6.36212,5.96552,4.93509,4.94106,4.12069,3.05326,3.27178,3.71872,3.69406
7.75194,7.11947,6.41150,6.36212,5.96552,4.93509,4.94106,4.12069,3.05326,3.27178,3.71872,3.69406,3.24579
7.11947,6.41150,6.36212,5.96552,4.93509,4.94106,4.12069,3.05326,3.27178,3.71872,3.69406,3.24579,3.13948
6.41150,6.36212,5.96552,4.93509,4.94106,4.12069,3.05326,3.27178,3.71872,3.69406,3.24579,3.13948,3.32316
6.36212,5.96552,4.93509,4.94106,4.12069,3.05326,3.27178,3.71872,3.69406,3.24579,3.13948,3.32316,3.10598
5.96552,4.93509,4.94106,4.12069,3.05326,3.27178,3.71872,3.69406,3.24579,3.13948,3.32316,3.10598,3.16574
